[{"__type__":"cc.SpriteFrame","content":{"name":"default_btn_disabled","texture":"71VhFCTINJM6/Ky3oX9nBT","rect":[0,0,40,40],"offset":[0,0],"originalSize":[40,40],"capInsets":[15,7,15,9]}},[{"__type__":"cc.SceneAsset","_name":"HelloWorld","scene":{"__id__":1},"asyncLoadAssets":null},{"__type__":"cc.Scene","_name":"New Node","_children":[{"__id__":2}],"_anchorPoint":{"__type__":"cc.Vec2"},"autoReleaseAssets":false},{"__type__":"cc.Node","_name":"Canvas","_parent":{"__id__":1},"_children":[{"__id__":3},{"__id__":4},{"__id__":5},{"__id__":7},{"__id__":9}],"_components":[{"__type__":"cc.Canvas","node":{"__id__":2},"_designResolution":{"__type__":"cc.Size","width":1920,"height":1080}},{"__type__":"280c3rsZJJKnZ9RqbALVwtK","node":{"__id__":2},"label":{"__id__":6}}],"_id":"a286bbGknJLZpRpxROV6M94","_color":{"__type__":"cc.Color","r":252,"g":252,"b":252},"_contentSize":{"__type__":"cc.Size","width":1920,"height":1080},"_position":{"__type__":"cc.Vec2","x":960,"y":540}},{"__type__":"cc.Node","_name":"background","_parent":{"__id__":2},"_components":[{"__type__":"cc.Widget","node":{"__id__":3},"_alignFlags":45,"_originalWidth":200,"_originalHeight":150},{"__type__":"cc.Sprite","node":{"__id__":3},"_spriteFrame":{"__uuid__":"41D7kWhyFGY7q4NDlzkazn"},"_type":1,"_sizeMode":0}],"_color":{"__type__":"cc.Color","r":27,"g":38,"b":46},"_contentSize":{"__type__":"cc.Size","width":1920,"height":1080}},{"__type__":"cc.Node","_name":"cocos","_parent":{"__id__":2},"_components":[{"__type__":"cc.Sprite","node":{"__id__":4},"_spriteFrame":{"__uuid__":"31vIlawANFZqnzLlSuHBfc"}}],"_contentSize":{"__type__":"cc.Size","width":195,"height":270},"_position":{"__type__":"cc.Vec2","y":50}},{"__type__":"cc.Node","_name":"label","_parent":{"__id__":2},"_components":[{"__id__":6}],"_contentSize":{"__type__":"cc.Size","width":147,"height":60},"_position":{"__type__":"cc.Vec2","y":-180}},{"__type__":"cc.Label","node":{"__id__":5},"_useOriginalSize":false,"_fontSize":60,"_lineHeight":60,"_N$horizontalAlign":1,"_N$verticalAlign":1},{"__type__":"cc.Node","_name":"dispatchMsg","_parent":{"__id__":2},"_children":[{"__id__":8}],"_components":[{"__type__":"cc.Sprite","node":{"__id__":7},"_spriteFrame":{"__uuid__":"f0BIwQ8D5Ml7nTNQbh1YlS"},"_type":1,"_sizeMode":0},{"__type__":"cc.Button","node":{"__id__":7},"pressedColor":{"__type__":"cc.Color","r":255,"g":255,"b":255},"clickEvents":[{"__type__":"cc.ClickEvent","target":{"__id__":2},"component":"HelloWorld","handler":"onBtnClickDispatchMsg"}],"_N$normalColor":{"__type__":"cc.Color","r":255,"g":255,"b":255},"_N$disabledColor":{"__type__":"cc.Color","r":255,"g":255,"b":255},"_N$normalSprite":{"__uuid__":"f0BIwQ8D5Ml7nTNQbh1YlS"},"_N$pressedSprite":{"__uuid__":"e97GVMl6JHh5Ml5qEDdSGa"},"pressedSprite":{"__uuid__":"e97GVMl6JHh5Ml5qEDdSGa"},"_N$hoverSprite":{"__uuid__":"e97GVMl6JHh5Ml5qEDdSGa"},"hoverSprite":{"__uuid__":"e97GVMl6JHh5Ml5qEDdSGa"},"_N$disabledSprite":{"__uuid__":"29FYIk+N1GYaeWH/q1NxQO"},"_N$target":{"__id__":7}}],"_contentSize":{"__type__":"cc.Size","width":300,"height":120},"_position":{"__type__":"cc.Vec2","x":-392,"y":-272}},{"__type__":"cc.Node","_name":"Label","_parent":{"__id__":7},"_components":[{"__type__":"cc.Label","node":{"__id__":8},"_useOriginalSize":false,"_actualFontSize":60,"_fontSize":60,"_enableWrapText":false,"_N$string":"dispatch","_N$horizontalAlign":1,"_N$verticalAlign":1,"_N$overflow":1}],"_color":{"__type__":"cc.Color"},"_contentSize":{"__type__":"cc.Size","width":300,"height":120}},{"__type__":"cc.Node","_name":"direct","_parent":{"__id__":2},"_children":[{"__id__":10}],"_components":[{"__type__":"cc.Sprite","node":{"__id__":9},"_spriteFrame":{"__uuid__":"f0BIwQ8D5Ml7nTNQbh1YlS"},"_type":1,"_sizeMode":0},{"__type__":"cc.Button","node":{"__id__":9},"pressedColor":{"__type__":"cc.Color","r":255,"g":255,"b":255},"clickEvents":[{"__type__":"cc.ClickEvent","target":{"__id__":2},"component":"HelloWorld","handler":"onBtnClickDirect"}],"_N$normalColor":{"__type__":"cc.Color","r":255,"g":255,"b":255},"_N$disabledColor":{"__type__":"cc.Color","r":255,"g":255,"b":255},"_N$normalSprite":{"__uuid__":"f0BIwQ8D5Ml7nTNQbh1YlS"},"_N$pressedSprite":{"__uuid__":"e97GVMl6JHh5Ml5qEDdSGa"},"pressedSprite":{"__uuid__":"e97GVMl6JHh5Ml5qEDdSGa"},"_N$hoverSprite":{"__uuid__":"e97GVMl6JHh5Ml5qEDdSGa"},"hoverSprite":{"__uuid__":"e97GVMl6JHh5Ml5qEDdSGa"},"_N$disabledSprite":{"__uuid__":"29FYIk+N1GYaeWH/q1NxQO"},"_N$target":{"__id__":9}}],"_contentSize":{"__type__":"cc.Size","width":300,"height":120},"_position":{"__type__":"cc.Vec2","x":394,"y":-272}},{"__type__":"cc.Node","_name":"Label","_parent":{"__id__":9},"_components":[{"__type__":"cc.Label","node":{"__id__":10},"_useOriginalSize":false,"_actualFontSize":60,"_fontSize":60,"_enableWrapText":false,"_N$string":"direct","_N$horizontalAlign":1,"_N$verticalAlign":1,"_N$overflow":1}],"_color":{"__type__":"cc.Color"},"_contentSize":{"__type__":"cc.Size","width":300,"height":120}}],{"__type__":"cc.SpriteFrame","content":{"name":"HelloWorld","texture":"6aoKpq6+5BVaCIpoemqt7E","rect":[0,0,195,270],"offset":[0,0],"originalSize":[195,270]}},{"__type__":"cc.SpriteFrame","content":{"name":"singleColor","texture":"a8Anh32NZGRZegUtSgEj26","rect":[0,0,2,2],"offset":[0,0],"originalSize":[2,2]}},{"__type__":"cc.SpriteFrame","content":{"name":"default_btn_pressed","texture":"b4P/PCArtIdIH38t6mlw8Y","rect":[0,0,40,40],"offset":[0,0],"originalSize":[40,40],"capInsets":[11,11,11,7]}},{"__type__":"cc.SpriteFrame","content":{"name":"default_btn_normal","texture":"e8Ueib+qJEhL6mXAHdnwbi","rect":[0,0,40,40],"offset":[0,0],"originalSize":[40,40],"capInsets":[8,11,7,9]}}]