[[{"__type__":"cc.Prefab","_name":"LogViewItem","data":{"__id__":1},"asyncLoadAssets":null},{"__type__":"cc.Node","_name":"LogViewItem","_children":[{"__id__":2}],"_components":[{"__type__":"cc.Sprite","node":{"__id__":1},"_spriteFrame":{"__uuid__":"beN82/vxJAMZYmWv/H0Voo"}},{"__type__":"be9647MsTRK4JDhNnyYZAii","node":{"__id__":1},"word":{"__id__":3}}],"_prefab":{"__type__":"cc.PrefabInfo","root":{"__id__":1},"asset":{"__uuid__":"a3Gl8+hqJO74A0Ya/XTJuX"},"fileId":"19D5uXXXxK7aypHlmoLKZc"},"_opacity":100,"_contentSize":{"__type__":"cc.Size","width":1920,"height":1080}},{"__type__":"cc.Node","_name":"label","_parent":{"__id__":1},"_components":[{"__id__":3}],"_prefab":{"__type__":"cc.PrefabInfo","root":{"__id__":1},"asset":{"__uuid__":"a3Gl8+hqJO74A0Ya/XTJuX"},"fileId":"a2ARQ/uTBEnqUGf73uO9R3"},"_contentSize":{"__type__":"cc.Size","width":120,"height":40}},{"__type__":"cc.Label","node":{"__id__":2},"_useOriginalSize":false,"_isSystemFontUsed":false,"_N$string":"提示语","_N$horizontalAlign":1,"_N$verticalAlign":1}],{"__type__":"cc.SpriteFrame","content":{"name":"bgLogin","texture":"57OGLocYNDurzSnTF156w6","rect":[0,0,1920,1080],"offset":[0,0],"originalSize":[1920,1080]}}]