{"paths":{"0":["manifest/version",0],"1":["manifest/project",0],"2":["prefab/log/LogView",1],"3":["prefab/dialog/DialogLayer",1],"4":["prefab/log/LogViewItem",1]},"types":["cc.Asset","cc.Prefab"],"uuids":["b2tV1EqA1KG5FrmMEeU9tG","e7siQ6tctEjaNkzVvxyQl8","29080n1z9Gt5sFOFIF1T+W","80+09U2+RAvoGUkQR/M7dH","a3Gl8+hqJO74A0Ya/XTJuX","a8Anh32NZGRZegUtSgEj26","41D7kWhyFGY7q4NDlzkazn","ecpdLyjvZBwrvm+cedCcQy"],"scenes":{},"redirect":[7,0],"deps":["internal"],"packs":null,"name":"resources","importBase":"import","nativeBase":"native","debug":false,"isZip":false,"encrypted":false,"versions":{"import":[2,"d6c5a",6,"b8937",3,"a260c",4,"e90b6",5,"473a4",0,"572cd",1,"2f459"],"native":[5,"e5136",0,"373a0",1,"c40be"]}}