{"paths":{},"types":[],"uuids":["29FYIk+N1GYaeWH/q1NxQO","2dL3kvpAxJu6GJ7RdqJG5J","57OGLocYNDurzSnTF156w6","5cYS/tgaBLzbmqN775Azfc","6aoKpq6+5BVaCIpoemqt7E","71VhFCTINJM6/Ky3oX9nBT","78WAdQzhpPQr//QZiV7EwI","b4P/PCArtIdIH38t6mlw8Y","beN82/vxJAMZYmWv/H0Voo","d9Fa31cNxEvbLNryu+ZpGP","e8Ueib+qJEhL6mXAHdnwbi","e97GVMl6JHh5Ml5qEDdSGa","f0BIwQ8D5Ml7nTNQbh1YlS","31vIlawANFZqnzLlSuHBfc","3ae7efMv1CLq2ilvUY/tQi","41D7kWhyFGY7q4NDlzkazn","4b2C/fKjFPGonvod+F2hmW","ecpdLyjvZBwrvm+cedCcQy"],"scenes":{"db://assets/module/hotUpdate/HotUpdateScene.fire":9,"db://assets/module/main/HelloWorld.fire":1,"db://assets/module/main/Index.fire":6},"redirect":[14,0,15,1,17,0],"deps":["internal","resources"],"packs":{"01054869c":[0,6,8,11,12],"05b9fc3f3":[16,8,9],"075df1298":[0,1,13,11,12],"0c4a93d56":[2,3,4,5,7,10]},"name":"main","importBase":"import","nativeBase":"native","debug":false,"isZip":false,"encrypted":false,"versions":{"import":["01054869c","14fe2","05b9fc3f3","581e7","075df1298","af444","0c4a93d56","7c178"],"native":[2,"06365",3,"c78f0",4,"55ea4",5,"c06a9",7,"83fcc",10,"90cf4"]}}