[{"__type__":"cc.SpriteFrame","content":{"name":"bgLogin","texture":"57OGLocYNDurzSnTF156w6","rect":[0,0,1920,1080],"offset":[0,0],"originalSize":[1920,1080],"capInsets":[0,0,0,0]}},[{"__type__":"cc.SceneAsset","_name":"HotUpdateScene","scene":{"__id__":1},"asyncLoadAssets":null},{"__type__":"cc.Scene","_name":"New Node","_children":[{"__id__":2}],"_anchorPoint":{"__type__":"cc.Vec2"},"_trs":{"__type__":"TypedArray","ctor":"Float64Array","array":[0,0,0,0,0,0,1,1,1,1]},"autoReleaseAssets":false},{"__type__":"cc.Node","_name":"Canvas","_parent":{"__id__":1},"_children":[{"__id__":3},{"__id__":4},{"__id__":5},{"__id__":6},{"__id__":12}],"_components":[{"__type__":"cc.Canvas","node":{"__id__":2},"_designResolution":{"__type__":"cc.Size","width":1280,"height":720}},{"__type__":"fb5bcZRYBRDNI3UvstSh+EL","node":{"__id__":2},"versionLabel":{"__id__":13},"updateProgress":{"__id__":11},"tipsLabel":{"__id__":10}}],"_contentSize":{"__type__":"cc.Size","width":1280,"height":720},"_trs":{"__type__":"TypedArray","ctor":"Float64Array","array":[640,360,0,0,0,0,1,1,1,1]},"_id":"5cUWX4Yh1MipGk+ssnZ/fL"},{"__type__":"cc.Node","_name":"Main Camera","_parent":{"__id__":2},"_components":[{"__type__":"cc.Camera","node":{"__id__":3},"_clearFlags":7,"_depth":-1}],"_trs":{"__type__":"TypedArray","ctor":"Float64Array","array":[0,0,341.9256904944916,0,0,0,1,1,1,1]}},{"__type__":"cc.Node","_name":"bg","_parent":{"__id__":2},"_components":[{"__type__":"cc.Sprite","node":{"__id__":4},"_materials":[{"__uuid__":"ecpdLyjvZBwrvm+cedCcQy"}],"_spriteFrame":{"__uuid__":"beN82/vxJAMZYmWv/H0Voo"}}],"_contentSize":{"__type__":"cc.Size","width":1920,"height":1080},"_trs":{"__type__":"TypedArray","ctor":"Float64Array","array":[0,0,0,0,0,0,1,1,1,1]}},{"__type__":"cc.Node","_name":"progress1","_parent":{"__id__":2},"_components":[{"__type__":"cc.Sprite","node":{"__id__":5},"_materials":[{"__uuid__":"3ae7efMv1CLq2ilvUY/tQi"}],"_spriteFrame":{"__uuid__":"4b2C/fKjFPGonvod+F2hmW"}}],"_contentSize":{"__type__":"cc.Size","width":811,"height":30},"_trs":{"__type__":"TypedArray","ctor":"Float64Array","array":[0,84.638,0,0,0,0,1,1,1,1]}},{"__type__":"cc.Node","_name":"progressBar","_parent":{"__id__":2},"_children":[{"__id__":7},{"__id__":9}],"_components":[{"__type__":"cc.Sprite","node":{"__id__":6},"_materials":[{"__uuid__":"ecpdLyjvZBwrvm+cedCcQy"}],"_sizeMode":2},{"__id__":11}],"_contentSize":{"__type__":"cc.Size","width":822,"height":39},"_trs":{"__type__":"TypedArray","ctor":"Float64Array","array":[0,85.676,0,0,0,0,1,1,1,1]}},{"__type__":"cc.Node","_name":"bar","_parent":{"__id__":6},"_components":[{"__id__":8},{"__type__":"cc.Widget","node":{"__id__":7},"alignMode":0,"_alignFlags":5,"_top":6,"_bottom":3.0000000000000018,"_originalHeight":15}],"_contentSize":{"__type__":"cc.Size","width":324.40000000000003,"height":30},"_anchorPoint":{"__type__":"cc.Vec2","y":0.5},"_trs":{"__type__":"TypedArray","ctor":"Float64Array","array":[-405.5,-1.5,0,0,0,0,1,1,1,1]}},{"__type__":"cc.Sprite","node":{"__id__":7},"_materials":[{"__uuid__":"ecpdLyjvZBwrvm+cedCcQy"}],"_spriteFrame":{"__uuid__":"4b2C/fKjFPGonvod+F2hmW"},"_type":2,"_sizeMode":0},{"__type__":"cc.Node","_name":"更新信息提示","_parent":{"__id__":6},"_components":[{"__id__":10}],"_contentSize":{"__type__":"cc.Size","width":160,"height":63},"_trs":{"__type__":"TypedArray","ctor":"Float64Array","array":[0,81.897,0,0,0,0,1,1,1,1]}},{"__type__":"cc.Label","node":{"__id__":9},"_materials":[{"__uuid__":"ecpdLyjvZBwrvm+cedCcQy"}],"_useOriginalSize":false,"_string":"更新信息","_N$string":"更新信息","_lineHeight":50,"_isSystemFontUsed":false,"_N$horizontalAlign":1,"_N$verticalAlign":1},{"__type__":"cc.ProgressBar","node":{"__id__":6},"_N$totalLength":811,"_N$barSprite":{"__id__":8},"_N$progress":0.4},{"__type__":"cc.Node","_name":"version","_parent":{"__id__":2},"_components":[{"__id__":13}],"_contentSize":{"__type__":"cc.Size","width":128.95,"height":50.4},"_anchorPoint":{"__type__":"cc.Vec2","x":1,"y":0.5},"_trs":{"__type__":"TypedArray","ctor":"Float64Array","array":[623.318,-0.995,0,0,0,0,1,1,1,1]}},{"__type__":"cc.Label","node":{"__id__":12},"_materials":[{"__uuid__":"ecpdLyjvZBwrvm+cedCcQy"}],"_useOriginalSize":false,"_string":"version","_N$string":"version","_isSystemFontUsed":false,"_N$horizontalAlign":1,"_N$verticalAlign":1}]]