[{"__type__":"cc.SpriteFrame","content":{"name":"default_btn_disabled","texture":"71VhFCTINJM6/Ky3oX9nBT","rect":[0,0,40,40],"offset":[0,0],"originalSize":[40,40],"capInsets":[12,12,12,12]}},[{"__type__":"cc.SceneAsset","_name":"HelloWorld","scene":{"__id__":1},"asyncLoadAssets":null},{"__type__":"cc.Scene","_name":"New Node","_children":[{"__id__":2}],"_active":false,"_anchorPoint":{"__type__":"cc.Vec2"},"_trs":{"__type__":"TypedArray","ctor":"Float64Array","array":[0,0,0,0,0,0,1,1,1,1]},"autoReleaseAssets":false},{"__type__":"cc.Node","_name":"Canvas","_parent":{"__id__":1},"_children":[{"__id__":3},{"__id__":4},{"__id__":5},{"__id__":6},{"__id__":7},{"__id__":9},{"__id__":11}],"_components":[{"__type__":"cc.Canvas","node":{"__id__":2},"_designResolution":{"__type__":"cc.Size","width":1920,"height":1080}},{"__type__":"cc.Widget","node":{"__id__":2},"_alignFlags":45},{"__type__":"280c3rsZJJKnZ9RqbALVwtK","node":{"__id__":2},"label":{"__id__":8}}],"_color":{"__type__":"cc.Color","r":252,"g":252,"b":252},"_contentSize":{"__type__":"cc.Size","width":1920,"height":1080},"_trs":{"__type__":"TypedArray","ctor":"Float64Array","array":[960,540,0,0,0,0,1,1,1,1]},"_id":"a286bbGknJLZpRpxROV6M94"},{"__type__":"cc.Node","_name":"Main Camera","_parent":{"__id__":2},"_components":[{"__type__":"cc.Camera","node":{"__id__":3},"_clearFlags":7,"_depth":-1}],"_trs":{"__type__":"TypedArray","ctor":"Float64Array","array":[0,0,341.9256904944916,0,0,0,1,1,1,1]}},{"__type__":"cc.Node","_name":"background","_parent":{"__id__":2},"_components":[{"__type__":"cc.Widget","node":{"__id__":4},"alignMode":0,"_alignFlags":45,"_originalWidth":200,"_originalHeight":150},{"__type__":"cc.Sprite","node":{"__id__":4},"_materials":[{"__uuid__":"ecpdLyjvZBwrvm+cedCcQy"}],"_spriteFrame":{"__uuid__":"41D7kWhyFGY7q4NDlzkazn"},"_type":1,"_sizeMode":0}],"_color":{"__type__":"cc.Color","r":27,"g":38,"b":46},"_contentSize":{"__type__":"cc.Size","width":1920,"height":1080},"_trs":{"__type__":"TypedArray","ctor":"Float64Array","array":[0,0,0,0,0,0,1,1,1,1]}},{"__type__":"cc.Node","_name":"cocos","_parent":{"__id__":2},"_components":[{"__type__":"cc.Sprite","node":{"__id__":5},"_materials":[{"__uuid__":"ecpdLyjvZBwrvm+cedCcQy"}],"_spriteFrame":{"__uuid__":"31vIlawANFZqnzLlSuHBfc"}}],"_contentSize":{"__type__":"cc.Size","width":195,"height":270},"_trs":{"__type__":"TypedArray","ctor":"Float64Array","array":[-333.311,123,0,0,0,0,1,2,2,1]}},{"__type__":"cc.Node","_name":"cocos","_parent":{"__id__":2},"_components":[{"__type__":"cc.Sprite","node":{"__id__":6},"_materials":[{"__uuid__":"ecpdLyjvZBwrvm+cedCcQy"}],"_spriteFrame":{"__uuid__":"31vIlawANFZqnzLlSuHBfc"}}],"_contentSize":{"__type__":"cc.Size","width":195,"height":270},"_trs":{"__type__":"TypedArray","ctor":"Float64Array","array":[324.689,123,0,0,0,0,1,2,2,1]}},{"__type__":"cc.Node","_name":"TipsLabel","_parent":{"__id__":2},"_components":[{"__id__":8}],"_contentSize":{"__type__":"cc.Size","width":146.81,"height":75.6},"_trs":{"__type__":"TypedArray","ctor":"Float64Array","array":[0,89.195,0,0,0,0,1,1,1,1]}},{"__type__":"cc.Label","node":{"__id__":7},"_materials":[{"__uuid__":"ecpdLyjvZBwrvm+cedCcQy"}],"_useOriginalSize":false,"_string":"Label","_N$string":"Label","_fontSize":60,"_lineHeight":60,"_N$horizontalAlign":1,"_N$verticalAlign":1},{"__type__":"cc.Node","_name":"dispatchMsg","_parent":{"__id__":2},"_children":[{"__id__":10}],"_components":[{"__type__":"cc.Sprite","node":{"__id__":9},"_materials":[{"__uuid__":"ecpdLyjvZBwrvm+cedCcQy"}],"_spriteFrame":{"__uuid__":"f0BIwQ8D5Ml7nTNQbh1YlS"},"_type":1,"_sizeMode":0},{"__type__":"cc.Button","node":{"__id__":9},"clickEvents":[{"__type__":"cc.ClickEvent","target":{"__id__":2},"_componentId":"280c3rsZJJKnZ9RqbALVwtK","handler":"onBtnClickDispatchMsg"}],"_N$pressedColor":{"__type__":"cc.Color","r":255,"g":255,"b":255},"pressedColor":{"__type__":"cc.Color","r":255,"g":255,"b":255},"_N$disabledColor":{"__type__":"cc.Color","r":255,"g":255,"b":255},"_N$normalSprite":{"__uuid__":"f0BIwQ8D5Ml7nTNQbh1YlS"},"_N$pressedSprite":{"__uuid__":"e97GVMl6JHh5Ml5qEDdSGa"},"pressedSprite":{"__uuid__":"e97GVMl6JHh5Ml5qEDdSGa"},"_N$hoverSprite":{"__uuid__":"e97GVMl6JHh5Ml5qEDdSGa"},"hoverSprite":{"__uuid__":"e97GVMl6JHh5Ml5qEDdSGa"},"_N$disabledSprite":{"__uuid__":"29FYIk+N1GYaeWH/q1NxQO"},"_N$target":{"__id__":9}}],"_contentSize":{"__type__":"cc.Size","width":300,"height":120},"_trs":{"__type__":"TypedArray","ctor":"Float64Array","array":[-361.378,-272,0,0,0,0,1,1,1,1]}},{"__type__":"cc.Node","_name":"Label","_parent":{"__id__":9},"_components":[{"__type__":"cc.Label","node":{"__id__":10},"_materials":[{"__uuid__":"ecpdLyjvZBwrvm+cedCcQy"}],"_useOriginalSize":false,"_string":"dispatch","_N$string":"dispatch","_fontSize":60,"_enableWrapText":false,"_N$horizontalAlign":1,"_N$verticalAlign":1,"_N$overflow":1}],"_color":{"__type__":"cc.Color"},"_contentSize":{"__type__":"cc.Size","width":300,"height":120},"_trs":{"__type__":"TypedArray","ctor":"Float64Array","array":[0,0,0,0,0,0,1,1,1,1]}},{"__type__":"cc.Node","_name":"direct","_parent":{"__id__":2},"_children":[{"__id__":12}],"_components":[{"__type__":"cc.Sprite","node":{"__id__":11},"_materials":[{"__uuid__":"ecpdLyjvZBwrvm+cedCcQy"}],"_spriteFrame":{"__uuid__":"f0BIwQ8D5Ml7nTNQbh1YlS"},"_type":1,"_sizeMode":0},{"__type__":"cc.Button","node":{"__id__":11},"clickEvents":[{"__type__":"cc.ClickEvent","target":{"__id__":2},"_componentId":"280c3rsZJJKnZ9RqbALVwtK","handler":"onBtnClickDirect"}],"_N$pressedColor":{"__type__":"cc.Color","r":255,"g":255,"b":255},"pressedColor":{"__type__":"cc.Color","r":255,"g":255,"b":255},"_N$disabledColor":{"__type__":"cc.Color","r":255,"g":255,"b":255},"_N$normalSprite":{"__uuid__":"f0BIwQ8D5Ml7nTNQbh1YlS"},"_N$pressedSprite":{"__uuid__":"e97GVMl6JHh5Ml5qEDdSGa"},"pressedSprite":{"__uuid__":"e97GVMl6JHh5Ml5qEDdSGa"},"_N$hoverSprite":{"__uuid__":"e97GVMl6JHh5Ml5qEDdSGa"},"hoverSprite":{"__uuid__":"e97GVMl6JHh5Ml5qEDdSGa"},"_N$disabledSprite":{"__uuid__":"29FYIk+N1GYaeWH/q1NxQO"},"_N$target":{"__id__":11}}],"_contentSize":{"__type__":"cc.Size","width":300,"height":120},"_trs":{"__type__":"TypedArray","ctor":"Float64Array","array":[339.622,-272,0,0,0,0,1,1,1,1]}},{"__type__":"cc.Node","_name":"Label","_parent":{"__id__":11},"_components":[{"__type__":"cc.Label","node":{"__id__":12},"_materials":[{"__uuid__":"ecpdLyjvZBwrvm+cedCcQy"}],"_useOriginalSize":false,"_string":"跳转","_N$string":"跳转","_fontSize":60,"_enableWrapText":false,"_N$horizontalAlign":1,"_N$verticalAlign":1,"_N$overflow":1}],"_color":{"__type__":"cc.Color"},"_contentSize":{"__type__":"cc.Size","width":300,"height":120},"_trs":{"__type__":"TypedArray","ctor":"Float64Array","array":[0,0,0,0,0,0,1,1,1,1]}}],{"__type__":"cc.SpriteFrame","content":{"name":"HelloWorld","texture":"6aoKpq6+5BVaCIpoemqt7E","rect":[0,0,195,270],"offset":[0,0],"originalSize":[195,270],"capInsets":[0,0,0,0]}},{"__type__":"cc.SpriteFrame","content":{"name":"default_btn_pressed","texture":"b4P/PCArtIdIH38t6mlw8Y","rect":[0,0,40,40],"offset":[0,0],"originalSize":[40,40],"capInsets":[12,12,12,12]}},{"__type__":"cc.SpriteFrame","content":{"name":"default_btn_normal","texture":"e8Ueib+qJEhL6mXAHdnwbi","rect":[0,0,40,40],"offset":[0,0],"originalSize":[40,40],"capInsets":[12,12,12,12]}}]