[{"__type__":"cc.SpriteFrame","content":{"name":"progress1","texture":"5cYS/tgaBLzbmqN775Azfc","rect":[0,0,811,30],"offset":[0,0],"originalSize":[811,30]}},{"__type__":"cc.SpriteFrame","content":{"name":"bgLogin","texture":"57OGLocYNDurzSnTF156w6","rect":[0,0,1920,1080],"offset":[0,0],"originalSize":[1920,1080]}},[{"__type__":"cc.SceneAsset","_name":"HotUpdateScene","scene":{"__id__":1},"asyncLoadAssets":null},{"__type__":"cc.Scene","_name":"New Node","_children":[{"__id__":2}],"_anchorPoint":{"__type__":"cc.Vec2"},"autoReleaseAssets":false},{"__type__":"cc.Node","_name":"Canvas","_parent":{"__id__":1},"_children":[{"__id__":3},{"__id__":4},{"__id__":5},{"__id__":11}],"_components":[{"__type__":"cc.Canvas","node":{"__id__":2},"_designResolution":{"__type__":"cc.Size","width":1920,"height":1080},"_fitWidth":true},{"__type__":"fb5bcZRYBRDNI3UvstSh+EL","node":{"__id__":2},"manifest":{"__uuid__":"e7siQ6tctEjaNkzVvxyQl8"},"versionLabel":{"__id__":12},"updateProgress":{"__id__":10},"tipsLabel":{"__id__":9},"addNode":{"__id__":4}}],"_id":"5cUWX4Yh1MipGk+ssnZ/fL","_contentSize":{"__type__":"cc.Size","width":1920,"height":1080},"_position":{"__type__":"cc.Vec2","x":960,"y":540}},{"__type__":"cc.Node","_name":"bg","_parent":{"__id__":2},"_components":[{"__type__":"cc.Sprite","node":{"__id__":3},"_spriteFrame":{"__uuid__":"beN82/vxJAMZYmWv/H0Voo"}}],"_contentSize":{"__type__":"cc.Size","width":1920,"height":1080}},{"__type__":"cc.Node","_name":"addNode","_parent":{"__id__":2}},{"__type__":"cc.Node","_name":"progressBar","_parent":{"__id__":2},"_children":[{"__id__":6},{"__id__":8}],"_components":[{"__type__":"cc.Sprite","node":{"__id__":5},"_sizeMode":2},{"__id__":10}],"_contentSize":{"__type__":"cc.Size","width":822,"height":39},"_position":{"__type__":"cc.Vec2","y":-435}},{"__type__":"cc.Node","_name":"bar","_parent":{"__id__":5},"_components":[{"__id__":7},{"__type__":"cc.Widget","node":{"__id__":6},"_alignFlags":5,"_top":6,"_bottom":3.0000000000000018,"_originalHeight":15}],"_anchorPoint":{"__type__":"cc.Vec2","y":0.5},"_contentSize":{"__type__":"cc.Size","width":811,"height":30},"_position":{"__type__":"cc.Vec2","x":-405.5,"y":-1.5}},{"__type__":"cc.Sprite","node":{"__id__":6},"_spriteFrame":{"__uuid__":"4b2C/fKjFPGonvod+F2hmW"},"_type":2,"_sizeMode":0},{"__type__":"cc.Node","_name":"更新信息提示","_parent":{"__id__":5},"_components":[{"__id__":9}],"_contentSize":{"__type__":"cc.Size","width":160,"height":50},"_position":{"__type__":"cc.Vec2","y":45.1}},{"__type__":"cc.Label","node":{"__id__":8},"_useOriginalSize":false,"_lineHeight":50,"_isSystemFontUsed":false,"_N$string":"更新信息","_N$horizontalAlign":1,"_N$verticalAlign":1},{"__type__":"cc.ProgressBar","node":{"__id__":5},"_N$totalLength":811,"_N$barSprite":{"__id__":7}},{"__type__":"cc.Node","_name":"version","_parent":{"__id__":2},"_components":[{"__id__":12}],"_anchorPoint":{"__type__":"cc.Vec2","x":1,"y":0.5},"_contentSize":{"__type__":"cc.Size","width":129,"height":40},"_position":{"__type__":"cc.Vec2","x":953,"y":-511}},{"__type__":"cc.Label","node":{"__id__":11},"_useOriginalSize":false,"_isSystemFontUsed":false,"_N$string":"version","_N$horizontalAlign":1,"_N$verticalAlign":1}]]