[{"__type__":"cc.SpriteFrame","content":{"name":"default_btn_disabled","texture":"71VhFCTINJM6/Ky3oX9nBT","rect":[0,0,40,40],"offset":[0,0],"originalSize":[40,40],"capInsets":[12,12,12,12]}},[{"__type__":"cc.SceneAsset","_name":"helloworld","scene":{"__id__":1},"asyncLoadAssets":null},{"__type__":"cc.Scene","_name":"New Node","_children":[{"__id__":2}],"_anchorPoint":{"__type__":"cc.Vec2"},"_trs":{"__type__":"TypedArray","ctor":"Float64Array","array":[0,0,0,0,0,0,1,1,1,1]},"autoReleaseAssets":false},{"__type__":"cc.Node","_name":"Canvas","_parent":{"__id__":1},"_children":[{"__id__":3},{"__id__":4},{"__id__":5},{"__id__":6},{"__id__":8},{"__id__":9},{"__id__":11}],"_components":[{"__type__":"cc.Canvas","node":{"__id__":2}},{"__type__":"280c3rsZJJKnZ9RqbALVwtK","node":{"__id__":2},"label":{"__id__":7},"envLabel":{"__id__":10}},{"__type__":"cc.Widget","node":{"__id__":2},"_alignFlags":45}],"_color":{"__type__":"cc.Color","r":252,"g":252,"b":252},"_contentSize":{"__type__":"cc.Size","width":960,"height":640},"_trs":{"__type__":"TypedArray","ctor":"Float64Array","array":[480,320,0,0,0,0,1,1,1,1]},"_id":"a286bbGknJLZpRpxROV6M94"},{"__type__":"cc.Node","_name":"Main Camera","_parent":{"__id__":2},"_components":[{"__type__":"cc.Camera","node":{"__id__":3},"_clearFlags":7,"_depth":-1}],"_trs":{"__type__":"TypedArray","ctor":"Float64Array","array":[0,0,360.2665679743265,0,0,0,1,1,1,1]}},{"__type__":"cc.Node","_name":"background","_parent":{"__id__":2},"_components":[{"__type__":"cc.Widget","node":{"__id__":4},"_alignFlags":45,"_originalWidth":200,"_originalHeight":150},{"__type__":"cc.Sprite","node":{"__id__":4},"_materials":[{"__uuid__":"ecpdLyjvZBwrvm+cedCcQy"}],"_spriteFrame":{"__uuid__":"41D7kWhyFGY7q4NDlzkazn"},"_type":1,"_sizeMode":0}],"_color":{"__type__":"cc.Color","r":27,"g":38,"b":46},"_contentSize":{"__type__":"cc.Size","width":960,"height":640},"_trs":{"__type__":"TypedArray","ctor":"Float64Array","array":[0,0,0,0,0,0,1,1,1,1]}},{"__type__":"cc.Node","_name":"cocos","_parent":{"__id__":2},"_components":[{"__type__":"cc.Sprite","node":{"__id__":5},"_materials":[{"__uuid__":"ecpdLyjvZBwrvm+cedCcQy"}],"_spriteFrame":{"__uuid__":"31vIlawANFZqnzLlSuHBfc"}}],"_contentSize":{"__type__":"cc.Size","width":195,"height":270},"_trs":{"__type__":"TypedArray","ctor":"Float64Array","array":[0,50,0,0,0,0,1,1,1,1]}},{"__type__":"cc.Node","_name":"label","_parent":{"__id__":2},"_components":[{"__id__":7}],"_contentSize":{"__type__":"cc.Size","width":146.81,"height":75.6},"_trs":{"__type__":"TypedArray","ctor":"Float64Array","array":[0,-180,0,0,0,0,1,1,1,1]}},{"__type__":"cc.Label","node":{"__id__":6},"_materials":[{"__uuid__":"ecpdLyjvZBwrvm+cedCcQy"}],"_srcBlendFactor":1,"_useOriginalSize":false,"_string":"Label","_N$string":"Label","_fontSize":60,"_lineHeight":60,"_N$horizontalAlign":1,"_N$verticalAlign":1},{"__type__":"cc.Node","_name":"label","_parent":{"__id__":2},"_components":[{"__type__":"cc.Label","node":{"__id__":8},"_materials":[{"__uuid__":"ecpdLyjvZBwrvm+cedCcQy"}],"_srcBlendFactor":1,"_useOriginalSize":false,"_string":"环境","_N$string":"环境","_fontSize":60,"_lineHeight":60,"_N$horizontalAlign":1,"_N$verticalAlign":1}],"_contentSize":{"__type__":"cc.Size","width":120,"height":75.6},"_trs":{"__type__":"TypedArray","ctor":"Float64Array","array":[-254.021,229.004,0,0,0,0,1,1,1,1]}},{"__type__":"cc.Node","_name":"label","_parent":{"__id__":2},"_components":[{"__id__":10}],"_contentSize":{"__type__":"cc.Size","width":63.37,"height":75.6},"_trs":{"__type__":"TypedArray","ctor":"Float64Array","array":[109.206,229.004,0,0,0,0,1,1,1,1]}},{"__type__":"cc.Label","node":{"__id__":9},"_materials":[{"__uuid__":"ecpdLyjvZBwrvm+cedCcQy"}],"_srcBlendFactor":1,"_useOriginalSize":false,"_string":"os","_N$string":"os","_fontSize":60,"_lineHeight":60,"_N$horizontalAlign":1,"_N$verticalAlign":1},{"__type__":"cc.Node","_name":"New Button","_parent":{"__id__":2},"_children":[{"__id__":12}],"_components":[{"__type__":"cc.Button","node":{"__id__":11},"clickEvents":[{"__type__":"cc.ClickEvent","target":{"__id__":2},"_componentId":"280c3rsZJJKnZ9RqbALVwtK","handler":"onBtnWxLogin"}],"_N$transition":3,"transition":3,"_N$normalColor":{"__type__":"cc.Color","r":230,"g":230,"b":230},"_N$pressedColor":{"__type__":"cc.Color","r":200,"g":200,"b":200},"pressedColor":{"__type__":"cc.Color","r":200,"g":200,"b":200},"_N$disabledColor":{"__type__":"cc.Color","r":120,"g":120,"b":120,"a":200},"_N$normalSprite":{"__uuid__":"f0BIwQ8D5Ml7nTNQbh1YlS"},"_N$pressedSprite":{"__uuid__":"e97GVMl6JHh5Ml5qEDdSGa"},"pressedSprite":{"__uuid__":"e97GVMl6JHh5Ml5qEDdSGa"},"_N$hoverSprite":{"__uuid__":"f0BIwQ8D5Ml7nTNQbh1YlS"},"hoverSprite":{"__uuid__":"f0BIwQ8D5Ml7nTNQbh1YlS"},"_N$disabledSprite":{"__uuid__":"29FYIk+N1GYaeWH/q1NxQO"},"_N$target":{"__id__":12}}],"_contentSize":{"__type__":"cc.Size","width":100,"height":40},"_trs":{"__type__":"TypedArray","ctor":"Float64Array","array":[285.957,-103.83,0,0,0,0,1,1,1,1]}},{"__type__":"cc.Node","_name":"Background","_objFlags":512,"_parent":{"__id__":11},"_children":[{"__id__":13}],"_components":[{"__type__":"cc.Sprite","node":{"__id__":12},"_materials":[{"__uuid__":"ecpdLyjvZBwrvm+cedCcQy"}],"_spriteFrame":{"__uuid__":"f0BIwQ8D5Ml7nTNQbh1YlS"},"_type":1,"_sizeMode":0},{"__type__":"cc.Widget","node":{"__id__":12},"alignMode":0,"_alignFlags":45,"_originalWidth":100,"_originalHeight":40}],"_contentSize":{"__type__":"cc.Size","width":100,"height":40},"_trs":{"__type__":"TypedArray","ctor":"Float64Array","array":[0,0,0,0,0,0,1,1,1,0]}},{"__type__":"cc.Node","_name":"Label","_parent":{"__id__":12},"_components":[{"__type__":"cc.Label","node":{"__id__":13},"_materials":[{"__uuid__":"ecpdLyjvZBwrvm+cedCcQy"}],"_useOriginalSize":false,"_string":"微信登录","_N$string":"微信登录","_fontSize":20,"_enableWrapText":false,"_N$horizontalAlign":1,"_N$verticalAlign":1,"_N$overflow":1,"_N$cacheMode":1}],"_color":{"__type__":"cc.Color"},"_contentSize":{"__type__":"cc.Size","width":100,"height":40},"_trs":{"__type__":"TypedArray","ctor":"Float64Array","array":[0,0,0,0,0,0,1,1,1,1]}}],{"__type__":"cc.SpriteFrame","content":{"name":"HelloWorld","texture":"6aoKpq6+5BVaCIpoemqt7E","rect":[0,0,195,270],"offset":[0,0],"originalSize":[195,270],"capInsets":[0,0,0,0]}},{"__type__":"cc.SpriteFrame","content":{"name":"singleColor","texture":"a8Anh32NZGRZegUtSgEj26","rect":[0,0,2,2],"offset":[0,0],"originalSize":[2,2],"capInsets":[0,0,0,0]}},{"__type__":"cc.SpriteFrame","content":{"name":"default_btn_pressed","texture":"b4P/PCArtIdIH38t6mlw8Y","rect":[0,0,40,40],"offset":[0,0],"originalSize":[40,40],"capInsets":[12,12,12,12]}},{"__type__":"cc.SpriteFrame","content":{"name":"default_btn_normal","texture":"e8Ueib+qJEhL6mXAHdnwbi","rect":[0,0,40,40],"offset":[0,0],"originalSize":[40,40],"capInsets":[12,12,12,12]}}]