[[{"__type__":"cc.Prefab","_name":"DialogLayer","data":{"__id__":1},"asyncLoadAssets":null},{"__type__":"cc.Node","_name":"DialogLayer","_children":[{"__id__":2},{"__id__":3},{"__id__":5},{"__id__":6}],"_components":[{"__type__":"8b1b4Xrxh9G6KgL3qqWeYpU","node":{"__id__":1},"okBtn":{"__id__":9},"cancelBtn":{"__id__":7},"closeBtn":{"__id__":5},"tipsLabel":{"__id__":4}}],"_prefab":{"__type__":"cc.PrefabInfo","root":{"__id__":1},"asset":{"__uuid__":"80+09U2+RAvoGUkQR/M7dH"},"fileId":"5bRqNkDj9D+rFC3GWT9fid"},"_contentSize":{"__type__":"cc.Size","width":1334,"height":750}},{"__type__":"cc.Node","_name":"bg","_parent":{"__id__":1},"_components":[{"__type__":"cc.Sprite","node":{"__id__":2},"_spriteFrame":{"__uuid__":"beN82/vxJAMZYmWv/H0Voo"},"_sizeMode":0},{"__type__":"cc.Widget","node":{"__id__":2},"_alignFlags":45,"_originalWidth":1334,"_originalHeight":750}],"_prefab":{"__type__":"cc.PrefabInfo","root":{"__id__":1},"asset":{"__uuid__":"80+09U2+RAvoGUkQR/M7dH"},"fileId":"17SwOTYtlCDriXJ6WaZ3ZH"},"_contentSize":{"__type__":"cc.Size","width":1334,"height":750}},{"__type__":"cc.Node","_name":"tips","_parent":{"__id__":1},"_components":[{"__id__":4}],"_prefab":{"__type__":"cc.PrefabInfo","root":{"__id__":1},"asset":{"__uuid__":"80+09U2+RAvoGUkQR/M7dH"},"fileId":"86e/0HiMdGn5ZRMY41XhmY"},"_contentSize":{"__type__":"cc.Size","width":764,"height":50},"_position":{"__type__":"cc.Vec2","y":59}},{"__type__":"cc.Label","node":{"__id__":3},"_useOriginalSize":false,"_lineHeight":50,"_isSystemFontUsed":false,"_N$string":"客户端出现未知错误","_N$horizontalAlign":1,"_N$verticalAlign":1,"_N$overflow":3},{"__type__":"cc.Node","_name":"CloseButton","_parent":{"__id__":1},"_components":[{"__type__":"cc.Button","node":{"__id__":5},"pressedColor":{"__type__":"cc.Color","r":255,"g":255,"b":255},"clickEvents":[{"__type__":"cc.ClickEvent","target":{"__id__":1},"component":"DialogLayer","handler":"onClickBtnClose"}],"_N$normalColor":{"__type__":"cc.Color","r":255,"g":255,"b":255},"_N$disabledColor":{"__type__":"cc.Color","r":255,"g":255,"b":255},"_N$target":{"__id__":5}},{"__type__":"cc.Widget","node":{"__id__":5},"isAlignOnce":false,"_alignFlags":33,"_right":17.80000000000001,"_top":6},{"__type__":"cc.Sprite","node":{"__id__":5}}],"_prefab":{"__type__":"cc.PrefabInfo","root":{"__id__":1},"asset":{"__uuid__":"80+09U2+RAvoGUkQR/M7dH"},"fileId":"9d2Mksg89PcZ6uJAwuY1iJ"},"_contentSize":{"__type__":"cc.Size","width":140,"height":56},"_position":{"__type__":"cc.Vec2","x":579.2,"y":341}},{"__type__":"cc.Node","_name":"buttons","_parent":{"__id__":1},"_children":[{"__id__":7},{"__id__":9}],"_components":[{"__type__":"cc.Layout","node":{"__id__":6},"_layoutSize":{"__type__":"cc.Size","width":474.7,"height":62},"_resize":1,"_N$layoutType":1,"_N$spacingX":74.7},{"__type__":"cc.Widget","node":{"__id__":6},"isAlignOnce":false,"_alignFlags":4,"_bottom":58}],"_prefab":{"__type__":"cc.PrefabInfo","root":{"__id__":1},"asset":{"__uuid__":"80+09U2+RAvoGUkQR/M7dH"},"fileId":"92LOZsQd9JB7TFpGcGFJi6"},"_contentSize":{"__type__":"cc.Size","width":474.7,"height":62},"_position":{"__type__":"cc.Vec2","y":-286}},{"__type__":"cc.Node","_name":"取消","_parent":{"__id__":6},"_children":[{"__id__":8}],"_components":[{"__type__":"cc.Button","node":{"__id__":7},"pressedColor":{"__type__":"cc.Color","r":255,"g":255,"b":255},"clickEvents":[{"__type__":"cc.ClickEvent","target":{"__id__":1},"component":"DialogLayer","handler":"onClickBtnCancel"}],"_N$normalColor":{"__type__":"cc.Color","r":255,"g":255,"b":255},"_N$disabledColor":{"__type__":"cc.Color","r":255,"g":255,"b":255},"_N$target":{"__id__":7}},{"__type__":"cc.Sprite","node":{"__id__":7},"_sizeMode":2}],"_prefab":{"__type__":"cc.PrefabInfo","root":{"__id__":1},"asset":{"__uuid__":"80+09U2+RAvoGUkQR/M7dH"},"fileId":"73vSG1I/FEQ6FwWAWsJdo3"},"_contentSize":{"__type__":"cc.Size","width":200,"height":70},"_position":{"__type__":"cc.Vec2","x":-137.35000000000002}},{"__type__":"cc.Node","_name":"Label","_parent":{"__id__":7},"_components":[{"__type__":"cc.Label","node":{"__id__":8},"_useOriginalSize":false,"_actualFontSize":35,"_fontSize":35,"_enableWrapText":false,"_isSystemFontUsed":false,"_N$string":"取消","_N$horizontalAlign":1,"_N$verticalAlign":1,"_N$overflow":1}],"_prefab":{"__type__":"cc.PrefabInfo","root":{"__id__":1},"asset":{"__uuid__":"80+09U2+RAvoGUkQR/M7dH"},"fileId":"89rrXz4m9ETJxR1plT/CTv"},"_color":{"__type__":"cc.Color"},"_contentSize":{"__type__":"cc.Size","width":100,"height":40}},{"__type__":"cc.Node","_name":"确定","_parent":{"__id__":6},"_children":[{"__id__":10}],"_components":[{"__type__":"cc.Sprite","node":{"__id__":9},"_type":1,"_sizeMode":2},{"__type__":"cc.Button","node":{"__id__":9},"pressedColor":{"__type__":"cc.Color","r":255,"g":255,"b":255},"clickEvents":[{"__type__":"cc.ClickEvent","target":{"__id__":1},"component":"DialogLayer","handler":"onClickBtnOk"}],"_N$normalColor":{"__type__":"cc.Color","r":255,"g":255,"b":255},"_N$disabledColor":{"__type__":"cc.Color","r":255,"g":255,"b":255},"_N$target":{"__id__":9}}],"_prefab":{"__type__":"cc.PrefabInfo","root":{"__id__":1},"asset":{"__uuid__":"80+09U2+RAvoGUkQR/M7dH"},"fileId":"cemDcohZFB0bDuz/4p20DX"},"_contentSize":{"__type__":"cc.Size","width":200,"height":70},"_position":{"__type__":"cc.Vec2","x":137.34999999999997}},{"__type__":"cc.Node","_name":"Label","_parent":{"__id__":9},"_components":[{"__type__":"cc.Label","node":{"__id__":10},"_useOriginalSize":false,"_actualFontSize":35,"_fontSize":35,"_enableWrapText":false,"_isSystemFontUsed":false,"_N$string":"确定","_N$horizontalAlign":1,"_N$verticalAlign":1,"_N$overflow":1}],"_prefab":{"__type__":"cc.PrefabInfo","root":{"__id__":1},"asset":{"__uuid__":"80+09U2+RAvoGUkQR/M7dH"},"fileId":"f1KkBXGelNu5M3fswdeMYb"},"_color":{"__type__":"cc.Color"},"_contentSize":{"__type__":"cc.Size","width":100,"height":40}}],{"__type__":"cc.SpriteFrame","content":{"name":"bgLogin","texture":"57OGLocYNDurzSnTF156w6","rect":[0,0,1920,1080],"offset":[0,0],"originalSize":[1920,1080]}}]