[{"__type__":"cc.Prefab","_name":"LogView","data":{"__id__":1},"asyncLoadAssets":null},{"__type__":"cc.Node","_name":"LogView","_children":[{"__id__":2}],"_components":[{"__type__":"eb182sjYsxMFZGOjfhiLfL8","node":{"__id__":1},"logNode":{"__id__":2},"logItem":{"__uuid__":"a3Gl8+hqJO74A0Ya/XTJuX"}}],"_prefab":{"__type__":"cc.PrefabInfo","root":{"__id__":1},"asset":{"__uuid__":"29080n1z9Gt5sFOFIF1T+W"},"fileId":"38NTzIUPVIerJlzqhVYxPb"}},{"__type__":"cc.Node","_name":"logNode","_parent":{"__id__":1},"_components":[{"__type__":"cc.Layout","node":{"__id__":2},"_layoutSize":{"__type__":"cc.Size","width":300,"height":67},"_resize":1,"_N$layoutType":2}],"_prefab":{"__type__":"cc.PrefabInfo","root":{"__id__":1},"asset":{"__uuid__":"29080n1z9Gt5sFOFIF1T+W"},"fileId":"2bqh1ad41F/IsQ4twZcbIr"},"_anchorPoint":{"__type__":"cc.Vec2","x":0.5},"_contentSize":{"__type__":"cc.Size","width":300,"height":67}}]